ticker,symbolFA,nameFA,industryIndex,market
IRO1PAKS0001,شپاکسا,پاکسان‌,IREXCLEANINGPRODUCT,11
IRO1PKER0001,کرماشا,صنایع پتروشیمی کرمانشاه,IREXAGRICULTURALCHEMICALS,11
IRO1ABAD0001,ثاباد,توریستی ورفاهی آبادگران ایران,IREXCONSTRUCTION,15
IRO1ABDI0001,دعبید,لابراتوارداروسازی‌ دکترعبیدی‌,IREXPHARMACEUTICALS,15
IRO1ABIK0001,سابیک,سیمان آبیک,IREXOTHERNONMETALLICPRODUCTS,15
IRO1ALBZ0001,والبر,سرمایه‌ گذاری‌ البرز(هلدینگ‌,IREXINVESTMENTS,11
IRO1ALIR0001,فایرا,آلومینیوم‌ایران‌,IREXMETALSEXIRON,15
IRO1ALMR0001,فمراد,آلومراد,IREXMETALSEXIRON,15
IRO1ALVN0001,کلوند,کاشی‌ الوند,IREXTILE,15
IRO1AMIN0001,دامین,داروسازی‌ امین‌,IREXPHARMACEUTICALS,13
IRO1AMLH0001,شاملا,معدنی‌ املاح‌ ایران‌,IREXCHEMICALSDIVERSIFIED,15
IRO1ARDK0001,کسرا,سرامیک‌های‌صنعتی‌اردکان‌,IREXOTHERNONMETALLICPRODUCTS,13
IRO1ASAL0001,لابسا,آبسال‌,IREXMACHINERY,15
IRO1ASIA0001,آسیا,بیمه آسیا,IREXINSURANCEDIVERSIFIED,13
IRO1ATDM0001,واتی,سرمایه‌ گذاری‌ آتیه‌ دماوند,IREXINVESTMENTS,13
IRO1ATIR0001,خاهن,آهنگری‌ تراکتورسازی‌ ایران‌,IREXAUTOPARTS,13
IRO1AYEG0001,پردیس,سرمایه گذاری پردیس,IREXINVESTMENTS,11
IRO1AZAB0001,فاذر,صنایع‌ آذرآب‌,IREXMETALLICPRODUCTS,15
IRO1AZIN0001,خاذین,سایپاآذین‌,IREXAUTOPARTS,15
IRO1BAFG0001,کبافق,معادن‌ بافق‌,IREXMETALLICORES,15
IRO1BAHN0001,فباهنر,مس‌ شهیدباهنر,IREXMETALSEXIRON,11
IRO1BALB0001,البرز,بیمه البرز,IREXINSURANCEDIVERSIFIED,11
IRO1BALI0001,وبوعلی,سرمایه‌گذاری‌بوعلی‌,IREXINVESTMENTS,13
IRO1BAMA0001,کاما,باما,IREXMETALLICORES,11
IRO1BANK0001,وبانک,سرمایه گذاری گروه توسعه ملی,IREXINVESTMENTS,11
IRO1BANS0001,وانصار,بانک انصار,IREXBANKSCREDITINSTITUTIONS,11
IRO1BARZ0001,پکرمان,گروه‌ صنعتی‌ بارز,IREXRUBBERPLASTICS,15
IRO1BDAN0001,دانا,بیمه دانا,IREXINSURANCEDIVERSIFIED,15
IRO1BENN0001,غبهنوش,بهنوش‌ ایران‌,IREXBEVERAGESOFTDRINKS,15
IRO1BHMN0001,خبهمن,گروه‌بهمن‌,IREXINVESTMENTS,11
IRO1BIME0001,وبیمه,سرمایه‌ گذاری‌ صنعت‌ بیمه‌,IREXINVESTMENTS,13
IRO1BMEL0001,ملت,بیمه ملت,IREXINSURANCEDIVERSIFIED,13
IRO1BMLT0001,وبملت,بانک ملت,IREXBANKSCREDITINSTITUTIONS,11
IRO1BMPS0001,شپارس,بین‌ المللی‌ محصولات‌ پارس‌,IREXCLEANINGPRODUCT,15
IRO1BOTA0001,لبوتان,گروه‌صنعتی‌بوتان‌,IREXAPPLIANCES,13
IRO1BPAR0001,وپارس,بانک‌پارسیان‌,IREXBANKSCREDITINSTITUTIONS,13
IRO1BPAS0001,وپاسار,بانک پاسارگاد,IREXBANKSCREDITINSTITUTIONS,13
IRO1BPST0001,وپست,پست بانک ایران,IREXBANKSCREDITINSTITUTIONS,15
IRO1BROJ0001,نبروج,نساجی‌ بروجرد,IREXTEXTILE,15
IRO1BSDR0001,وبصادر,بانک صادرات ایران,IREXBANKSCREDITINSTITUTIONS,13
IRO1BSTE0001,ثاخت,بین‌المللی‌توسعه‌ساختمان,IREXCONSTRUCTION,15
IRO1BTEJ0001,وتجارت,بانک تجارت,IREXBANKSCREDITINSTITUTIONS,13
IRO1CHAR0001,خچرخش,چرخشگر,IREXAUTOPARTS,13
IRO1CHCH0001,غچین,کشت‌ و صنعت‌ چین‌ چین,IREXOTHERFOODPRODUCTS,15
IRO1CHML0001,کچاد,معدنی‌وصنعتی‌چادرملو,IREXMETALLICORES,11
IRO1COMB0001,تکمبا,کمباین‌ سازی‌ ایران‌,IREXMACHINERY,15
IRO1CONT0001,آکنتور,کنتورسازی‌ایران‌,IREXMETERINSTRUMENTS,13
IRO1CRBN0001,شکربن,کربن‌ ایران‌,IREXCHEMICALSDIVERSIFIED,15
IRO1DABO0001,دابور,داروسازی‌ ابوریحان‌,IREXPHARMACEUTICALS,15
IRO1DADE0001,مداران,داده‌پردازی‌ایران‌,IREXTECHNOLOGYHARDWAREEQUIPMENT,13
IRO1DAML0001,ددام,داروسازی زاگرس فارمد پارس,IREXPHARMACEUTICALS,15
IRO1DALZ0001,دالبر,البرزدارو,IREXPHARMACEUTICALS,11
IRO1DDPK0001,دشیمی,شیمی‌ داروئی‌ داروپخش‌,IREXPHARMACEUTICALS,15
IRO1DARO0001,وپخش,داروپخش‌ (هلدینگ‌,IREXINVESTMENTS,11
IRO1DFRB0001,دفارا,داروسازی‌ فارابی‌,IREXPHARMACEUTICALS,13
IRO1DJBR0001,دجابر,داروسازی‌ جابرابن‌حیان‌,IREXPHARMACEUTICALS,11
IRO1DKSR0001,دکوثر,داروسازی‌ کوثر,IREXPHARMACEUTICALS,13
IRO1DLGM0001,دلقما,دارویی‌ لقمان‌,IREXPHARMACEUTICALS,15
IRO1DMOR0001,غدشت,دشت‌ مرغاب‌,IREXFARMPRODUCTS,15
IRO1DMVN0001,کدما,معدنی‌ دماوند,IREXMETALLICORES,15
IRO1DODE0001,شدوص,دوده‌ صنعتی‌ پارس‌,IREXCHEMICALSDIVERSIFIED,15
IRO1DOSE0001,داسوه,داروسازی‌ اسوه‌,IREXPHARMACEUTICALS,15
IRO1DPAK0001,دارو,کارخانجات‌داروپخش‌,IREXPHARMACEUTICALS,15
IRO1DRKH0001,پدرخش,درخشان‌ تهران‌,IREXRUBBERPLASTICS,15
IRO1DRZK0001,درازک,دارویی‌ رازک‌,IREXPHARMACEUTICALS,15
IRO1DSIN0001,دسینا,داروسازی‌ سینا,IREXPHARMACEUTICALS,15
IRO1DSOB0001,دسبحا,گروه دارویی سبحان,IREXINVESTMENTS,11
IRO1DZAH0001,دزهراوی,داروسازی‌زهراوی‌,IREXPHARMACEUTICALS,15
IRO1EPRS0001,رتاپ,تجارت الکترونیک پارسیان,IREXIT,13
IRO1EXIR0001,دلر,داروسازی‌ اکسیر,IREXPHARMACEUTICALS,15
IRO1FAIR0001,فولاژ,فولاد آلیاژی ایران,IREXSTEELIRON,13
IRO1FAJR0001,فجر,فولاد امیرکبیرکاشان,IREXSTEELIRON,15
IRO1FIBR0001,چفیبر,فیبر ایران‌,IREXWOOD,15
IRO1FKAS0001,فخاس,فولاد خراسان,IREXSTEELIRON,13
IRO1FKHZ0001,فخوز,فولاد خوزستان,IREXSTEELIRON,11
IRO1FNAR0001,خزر,فنرسازی‌زر,IREXAUTOPARTS,15
IRO1FOLD0001,فولاد,فولاد مبارکه اصفهان,IREXSTEELIRON,11
IRO1FRIS0001,فروس,فروسیلیس‌ ایران‌,IREXSTEELIRON,13
IRO1FRVR0001,فرآور,فرآوری‌موادمعدنی‌ایران‌,IREXMETALSEXIRON,13
IRO1FTIR0001,دفرا,فرآورده‌های‌ تزریقی‌ ایران‌,IREXPHARMACEUTICALS,15
IRO1GBEH0001,وصنا,گروه‌صنایع‌بهشهرایران‌,IREXINVESTMENTS,13
IRO1GCOZ0001,غگل,گلوکوزان‌,IREXOTHERFOODPRODUCTS,15
IRO1GESF0001,قصفها,قنداصفهان‌,IREXSUGAR,15
IRO1GDIR0001,وغدیر,سرمایه‌گذاری‌غدیر(هلدینگ‌,IREXINVESTMENTS,11
IRO1GGAZ0001,قزوین,کارخانجات‌ قند قزوین‌,IREXSUGAR,15
IRO1GHAT0001,ختوقا,قطعات‌ اتومبیل‌ ایران‌,IREXINVESTMENTS,13
IRO1GHEG0001,قهکمت,قندهکمتان‌,IREXSUGAR,15
IRO1GHND0001,قشهد,شهد,IREXSUGAR,15
IRO1GLOR0001,قلرست,قند لرستان‌,IREXSUGAR,15
IRO1GMEL0001,وملی,گروه‌ صنعتی‌ ملی‌ (هلدینگ‌,IREXINVESTMENTS,15
IRO1GMRO0001,قمرو,قند مرودشت‌,IREXSUGAR,15
IRO1GNBO0001,قنیشا,قند نیشابور,IREXSUGAR,15
IRO1GOLG0001,کگل,معدنی و صنعتی گل گهر,IREXMETALLICORES,11
IRO1GORJ0001,غگرجی,بیسکویت‌ گرجی‌,IREXCONFECTIONERS,15
IRO1GOST0001,خگستر,گسترش‌سرمایه‌گذاری‌ایران‌خودرو,IREXINVESTMENTS,11
IRO1GPSH0001,قپیرا,فرآورده‌های‌غدایی‌وقندپیرانشهر,IREXSUGAR,15
IRO1GSBE0001,قثابت,قند ثابت‌ خراسان‌,IREXSUGAR,15
IRO1GSKE0001,تکشا,گسترش‌صنایع‌وخدمات‌کشاورزی‌,IREXMACHINERY,15
IRO1GTSH0001,شگل,گلتاش‌,IREXCLEANINGPRODUCT,15
IRO1HFRS0001,حفارس,حمل و نقل بین المللی خلیج فارس,IREXTRUCKING,15
IRO1HJPT0001,حپترو,حمل و نقل پتروشیمی( سهامی عام,IREXTRUCKING,15
IRO1HMRZ0001,همراه,شرکت ارتباطات سیار ایران,IREXTELECOMSERVICES,15
IRO1HSHM0001,حفاری,حفاری شمال,IREXDRILLING,11
IRO1HTOK0001,حتوکا,حمل‌ونقل‌توکا,IREXTRUCKING,15
IRO1IDOC0001,واعتبار,سرمایه گذاری اعتبار ایران,IREXINVESTMENTS,15
IRO1IAGM0001,مرقام,ایران‌ارقام‌,IREXTECHNOLOGYHARDWAREEQUIPMENT,15
IRO1IKCO0001,خودرو,ایران‌ خودرو,IREXAUTOMANUFACTURERS,15
IRO1IKHR0001,وخارزم,سرمایه گذاری خوارزمی,IREXINVESTMENTS,11
IRO1INDM0001,خکمک,کمک‌فنرایندامین‌,IREXAUTOPARTS,15
IRO1INFO0001,رانفور,خدمات‌انفورماتیک‌,IREXIT,11
IRO1IPAR0001,پارسیان,بیمه پارسیان,IREXINSURANCEDIVERSIFIED,13
IRO1IRDR0001,دیران,ایران‌دارو,IREXPHARMACEUTICALS,15
IRO1JAMD0001,فجام,جام‌دارو,IREXMETALLICPRODUCTS,15
IRO1JOSH0001,بکاب,صنایع‌جوشکاب‌یزد,IREXINDUSTRIALEQUIPMENTCOMPONENTS,15
IRO1KALZ0001,بالبر,کابل‌ البرز,IREXINDUSTRIALEQUIPMENTCOMPONENTS,15
IRO1KCHI0001,کخاک,صنایع‌خاک‌چینی‌ایران‌,IREXOTHERNONMETALLICPRODUCTS,15
IRO1KDPS0001,غدام,خوراک‌ دام‌ پارس‌,IREXOTHERFOODPRODUCTS,15
IRO1KFAN0001,خفنر,فنرسازی‌خاور,IREXAUTOPARTS,15
IRO1KGND0001,بکام,کارخانجات تولیدی شهید قندی,IREXINDUSTRIALEQUIPMENTCOMPONENTS,13
IRO1KHAZ0001,لخزر,پارس‌ خزر,IREXAPPLIANCES,13
IRO1KHFZ0001,کحافظ,کاشی‌ وسرامیک‌ حافظ‌,IREXTILE,15
IRO1KHSH0001,خشرق,الکتریک‌ خودرو شرق‌,IREXAUTOPARTS,15
IRO1KLBR0001,غالبر,لبنیات‌کالبر,IREXDAIRY,15
IRO1KIMI0001,دکیمی,کیمیدارو,IREXPHARMACEUTICALS,11
IRO1KPRS0001,کپارس,کاشی‌ پارس‌,IREXTILE,15
IRO1KRAF0001,وکار,بانک‌ کارآفرین‌,IREXBANKSCREDITINSTITUTIONS,13
IRO1KRIR0001,خکار,ایرکا پارت صنعت,IREXAUTOPARTS,13
IRO1KRTI0001,چکارن,کارتن‌ ایران‌,IREXPAPERPRODUCTS,15
IRO1KSAD0001,کسعدی,کاشی‌ سعدی‌,IREXTILE,15
IRO1KSHJ0001,حکشتی,کشتیرانی جمهوری اسلامی ایران,IREXINVESTMENTS,15
IRO1KSIM0001,فاسمین,کالسیمین‌,IREXMETALSEXIRON,11
IRO1KSKA0001,چکاوه,صنایع‌کاغذسازی‌کاوه‌,IREXPAPERPRODUCTS,15
IRO1LAMI0001,فلامی,لامیران‌,IREXMETALLICPRODUCTS,15
IRO1LEAB0001,شلعاب,لعابیران‌,IREXCHEMICALSDIVERSIFIED,15
IRO1LAPS0001,بشهاب,لامپ‌ پارس‌ شهاب‌,IREXELECTRICALMACHINERY,15
IRO1LENT0001,خلنت,لنت‌ ترمزایران‌,IREXAUTOPARTS,15
IRO1LKGH0001,ولغدر,لیزینگ‌خودروغدیر,IREXLEASING,13
IRO1LMIR0001,فلوله,لوله‌وماشین‌سازی‌ایران‌,IREXSTEELIRON,15
IRO1LPAK0001,غپاک,لبنیات‌ پاک‌,IREXDAIRY,15
IRO1LSMD0001,ولصنم,لیزینگ‌صنعت‌ومعدن‌,IREXLEASING,11
IRO1LZIN0001,ولیز,لیزینگ‌ایران‌,IREXLEASING,13
IRO1MADN0001,ومعادن,توسعه‌معادن‌وفلزات‌,IREXINVESTMENTS,11
IRO1MAGS0001,زمگسا,کشاورزی‌ ودامپروی‌ مگسال‌,IREXFARMPRODUCTS,15
IRO1MAPN0001,رمپنا,گروه مپنا (سهامی عام),IREXENGINEERING,13
IRO1MARK0001,فاراک,ماشین‌ سازی‌ اراک‌,IREXMETALLICPRODUCTS,15
IRO1MESI0001,خوساز,محورسازان‌ایران‌خودرو,IREXAUTOPARTS,15
IRO1MHKM0001,خمهر,مهرکام‌پارس‌,IREXAUTOPARTS,15
IRO1MINO0001,غپینو,پارس‌ مینو,IREXCONFECTIONERS,13
IRO1MKBT0001,اخابر,مخابرات ایران,IREXTELECOMSERVICES,11
IRO1MNGZ0001,کمنگنز,معادن‌منگنزایران‌,IREXMETALLICORES,15
IRO1MNMH0001,تمحرکه,ماشین‌سازی‌نیرومحرکه‌,IREXMACHINERY,15
IRO1MNSR0001,خنصیر,مهندسی‌نصیرماشین‌,IREXAUTOPARTS,15
IRO1MOTJ0001,بموتو,موتوژن‌,IREXELECTRICALMACHINERY,11
IRO1MRAM0001,غمهرا,تولیدی‌مهرام‌,IREXOTHERFOODPRODUCTS,15
IRO1MRGN0001,غمارگ,مارگارین‌,IREXFARMPRODUCTS,13
IRO1MRIN0001,نمرینو,ایران‌ مرینوس‌,IREXTEXTILE,15
IRO1MSKN0001,ثمسکن,سرمایه‌گذاری‌ مسکن‌,IREXINVESTMENTS,11
IRO1MSMI0001,فملی,ملی‌ صنایع‌ مس‌ ایران‌,IREXMETALSEXIRON,11
IRO1MSTI0001,خموتور,موتورسازان‌تراکتورسازی‌ایران‌,IREXAUTOPARTS,13
IRO1NAFT0001,ونفت,سرمایه‌گذاری‌ صنعت‌ نفت‌,IREXINVESTMENTS,11
IRO1NALM0001,فنوال,نورد آلومینیوم‌,IREXMETALSEXIRON,15
IRO1NASI0001,کفرا,فراورده‌ های‌ نسوزایران‌,IREXOTHERNONMETALLICPRODUCTS,15
IRO1NGFO0001,فنورد,نوردوقطعات‌ فولادی‌,IREXSTEELIRON,15
IRO1NBEH0001,شبهرن,نفت‌ بهران‌,IREXPETROLEUMPRODUCTS,11
IRO1NIKI0001,ونیکی,سرمایه‌گذاری‌ ملی‌ایران‌,IREXINVESTMENTS,11
IRO1NIRO0001,بنیرو,نیروترانس‌,IREXELECTRICALMACHINERY,13
IRO1NJEY0001,شجی,شرکت نفت جی,IREXPETROLEUMPRODUCTS,15
IRO1NKOL0001,شکلر,نیروکلر,IREXCHEMICALSDIVERSIFIED,13
IRO1NMOH0001,خمحرکه,نیرو محرکه‌,IREXAUTOPARTS,13
IRO1NOSH0001,غنوش,نوش‌ مازندران‌,IREXFARMPRODUCTS,15
IRO1NOVN0001,ونوین,بانک‌اقتصادنوین‌,IREXBANKSCREDITINSTITUTIONS,13
IRO1NPRS0001,شنفت,نفت‌ پارس‌,IREXPETROLEUMPRODUCTS,11
IRO1NSAZ0001,کاذر,فرآورده‌های‌نسوزآذر,IREXOTHERNONMETALLICPRODUCTS,15
IRO1NSPS0001,کفپارس,فرآورده‌های‌ نسوز پارس‌,IREXOTHERNONMETALLICPRODUCTS,15
IRO1NSTH0001,ثنوسا,نوسازی‌وساختمان‌تهران‌,IREXCONSTRUCTION,15
IRO1OFRS0001,ثفارس,عمران‌وتوسعه‌فارس‌,IREXCONSTRUCTION,15
IRO1OFST0001,چافست,افست‌,IREXPUBLISHING,15
IRO1OIMC0001,وامید,گروه مدیریت سرمایه گذاری امید,IREXINVESTMENTS,11
IRO1PARK0001,شاراک,پتروشیمی شازند,IREXCHEMICALSDIVERSIFIED,11
IRO1PASN0001,پارسان,گسترش نفت و گاز پارسیان,IREXINVESTMENTS,11
IRO1PDRO0001,دپارس,پارس‌ دارو,IREXPHARMACEUTICALS,15
IRO1PELC0001,لپارس,پارس‌ الکتریک‌,IREXCOMMUNICATIONEQUIPMENT,15
IRO1PETR0001,وپترو,سرمایه‌گذاری صنایع پتروشیمی‌,IREXINVESTMENTS,13
IRO1PFAN0001,شفن,پتروشیمی فناوران,IREXCHEMICALSDIVERSIFIED,11
IRO1PIAZ0001,غاذر,کشت‌وصنعت‌پیاذر,IREXFARMPRODUCTS,15
IRO1PIRN0001,تپمپی,پمپ‌ سازی‌ ایران‌,IREXINVESTMENTS,15
IRO1PKHA0001,شخارک,پتروشیمی‌ خارک‌,IREXCHEMICALSDIVERSIFIED,11
IRO1PKOD0001,خپارس,پارس‌ خودرو,IREXAUTOMANUFACTURERS,15
IRO1PKLJ0001,فارس,صنایع پتروشیمی خلیج فارس,IREXINVESTMENTS,15
IRO1PLKK0001,پلاسک,پلاسکوکار,IREXRUBBERPLASTICS,15
IRO1PNBA0001,شبندر,پالایش نفت بندرعباس,IREXPETROLEUMPRODUCTS,15
IRO1PNES0001,شپنا,پالایش نفت اصفهان,IREXPETROLEUMPRODUCTS,11
IRO1PNTB0001,شبریز,پالایش نفت تبریز,IREXPETROLEUMPRODUCTS,13
IRO1PRDZ0001,شپدیس,پتروشیمی پردیس,IREXAGRICULTURALCHEMICALS,13
IRO1PSER0001,کسرام,پارس‌ سرام‌,IREXOTHERNONMETALLICPRODUCTS,15
IRO1PSHZ0001,شیراز,پتروشیمی‌شیراز,IREXAGRICULTURALCHEMICALS,11
IRO1PSIR0001,کپشیر,پشم‌شیشه‌ایران‌,IREXOTHERNONMETALLICPRODUCTS,15
IRO1PTAP0001,تاپیکو,س. نفت و گاز و پتروشیمی تامین,IREXINVESTMENTS,15
IRO1RADI0001,ختور,رادیاتور ایران‌,IREXAUTOPARTS,15
IRO1RENA0001,ورنا,سرمایه‌گذاری‌ رنا(هلدینگ‌,IREXINVESTMENTS,13
IRO1RIIR0001,خریخت,صنایع‌ریخته‌گری‌ایران‌,IREXAUTOPARTS,15
IRO1RINM0001,خرینگ,رینگ‌سازی‌مشهد,IREXAUTOPARTS,15
IRO1RKSH0001,رکیش,کارت اعتباری ایران کیش,IREXIT,15
IRO1ROOI0001,کروی,توسعه‌ معادن‌ روی‌ ایران‌,IREXINVESTMENTS,11
IRO1ROZD0001,دروز,داروسازی‌ روزدارو,IREXPHARMACEUTICALS,15
IRO1RSAP0001,ولساپا,لیزینگ رایان‌ سایپا,IREXLEASING,11
IRO1RTIR0001,ختراک,ریخته‌گری‌ تراکتورسازی‌ ایران‌,IREXAUTOPARTS,15
IRO1SADB0001,ساربیل,سیمان آرتا اردبیل,IREXCEMENT,15
IRO1SAHD0001,ثشاهد,سرمایه‌ گذاری‌ شاهد,IREXCONSTRUCTION,11
IRO1SAKH0001,وساخت,سرمایه‌ گذاری‌ ساختمان‌ایران‌,IREXINVESTMENTS,11
IRO1SAMA0001,فاما,صنعتی‌ آما,IREXMETALLICPRODUCTS,13
IRO1SAND0001,وصندوق,سرمایه‌گذاری‌صندوق‌بازنشستگی‌,IREXINVESTMENTS,11
IRO1SBAH0001,وبهمن,سرمایه‌گذاری‌بهمن‌,IREXINVESTMENTS,11
IRO1SBEH0001,غبشهر,صنعتی‌ بهشهر,IREXFARMPRODUCTS,11
IRO1SBHN0001,سبهان,سیمان‌ بهبهان‌,IREXCEMENT,15
IRO1SBOJ0001,سبجنو,سیمان‌ بجنورد,IREXCEMENT,15
IRO1SDAB0001,ساراب,سیمان‌ داراب‌,IREXCEMENT,13
IRO1SDOR0001,سدور,سیمان‌ دورود,IREXCEMENT,15
IRO1SDST0001,سدشت,صنایع سیمان دشتستان,IREXCEMENT,15
IRO1SEFH0001,سصفها,سیمان‌اصفهان‌,IREXCEMENT,15
IRO1SEIL0001,سیلام,سیمان‌ ایلام‌,IREXCEMENT,15
IRO1SEPA0001,فسپا,گروه‌صنعتی‌سپاهان‌,IREXSTEELIRON,15
IRO1SFKZ0001,سفارس,سیمان فارس و خوزستان,IREXINVESTMENTS,11
IRO1SFNO0001,سفانو,سیمان فارس نو,IREXCEMENT,13
IRO1SFRS0001,سفار,سیمان‌فارس‌,IREXCEMENT,15
IRO1SGAZ0001,کگاز,شیشه‌ و گاز,IREXOTHERNONMETALLICPRODUCTS,15
IRO1SGEN0001,سقاین,سیمان‌ قائن‌,IREXCEMENT,15
IRO1SGRB0001,سغرب,سیمان‌غرب‌,IREXCEMENT,13
IRO1SGOS0001,ثامان,سامان‌ گستراصفهان‌,IREXCONSTRUCTION,15
IRO1SHAD0001,غشهد,شهد ایران‌,IREXFARMPRODUCTS,15
IRO1SHFS0001,شفارس,صنایع‌ شیمیایی‌ فارس‌,IREXCHEMICALSDIVERSIFIED,15
IRO1SHGN0001,سهگمت,سیمان‌هگمتان‌,IREXCEMENT,13
IRO1SHKR0001,قشکر,شکرشاهرود,IREXSUGAR,15
IRO1SHMD0001,کهمدا,شیشه‌ همدان‌,IREXOTHERNONMETALLICPRODUCTS,13
IRO1SHND0001,پسهند,صنایع‌ لاستیکی‌ سهند,IREXRUBBERPLASTICS,15
IRO1SHPZ0001,غشاذر,پگاه‌آذربایجان‌غربی‌,IREXDAIRY,15
IRO1SHSI0001,شسینا,صنایع‌شیمیایی‌سینا,IREXCHEMICALSDIVERSIFIED,15
IRO1SHZG0001,سهرمز,سیمان‌هرمزگان‌,IREXCEMENT,15
IRO1SIMS0001,سشمال,سیمان‌ شمال‌,IREXCEMENT,15
IRO1SINA0001,کساوه,صنایع‌ کاشی‌ و سرامیک‌ سینا,IREXTILE,13
IRO1SIPA0001,خساپا,سایپا,IREXAUTOMANUFACTURERS,15
IRO1SISH0001,کساپا,سایپاشیشه‌,IREXOTHERNONMETALLICPRODUCTS,15
IRO1SKAZ0001,سخزر,سیمان‌ خزر,IREXCEMENT,13
IRO1SKBV0001,وسکاب,س.ص.بازنشستگی کارکنان بانکها,IREXINVESTMENTS,15
IRO1SKER0001,سکرما,سیمان‌ کرمان‌,IREXCEMENT,11
IRO1SKHS0001,سخاش,سیمان‌خاش‌,IREXCEMENT,15
IRO1SKOR0001,سکرد,سیمان کردستان,IREXCEMENT,13
IRO1SLMN0001,غسالم,سالمین‌,IREXCONFECTIONERS,15
IRO1SMAZ0001,سمازن,سیمان‌مازندران‌,IREXCEMENT,15
IRO1SNMA0001,وصنعت,سرمایه گذاری توسعه صنعت وتجارت,IREXINVESTMENTS,11
IRO1SNRO0001,ونیرو,سرمایه‌گذاری‌نیرو,IREXINVESTMENTS,11
IRO1SORB0001,فسرب,ملی‌ سرب‌وروی‌ ایران‌,IREXMETALSEXIRON,15
IRO1SPAH0001,وسپه,سرمایه‌گذاری‌ سپه‌,IREXINVESTMENTS,11
IRO1SPKH0001,غشان,شیرپاستوریزه‌پگاه‌خراسان‌,IREXDAIRY,15
IRO1SPPE0001,غشصفا,شیرپاستوریزه‌پگاه‌اصفهان‌,IREXDAIRY,15
IRO1SPTA0001,فپنتا,سپنتا,IREXINVESTMENTS,15
IRO1SRMA0001,لسرما,سرما آفرین‌,IREXMACHINERY,15
IRO1SROD0001,سرود,سیمان‌شاهرود,IREXCEMENT,11
IRO1SSAP0001,وساپا,سرمایه‌گذاری‌ سایپا,IREXINVESTMENTS,15
IRO1SSEP0001,سپاها,سیمان‌سپاهان‌,IREXCEMENT,11
IRO1SSHR0001,سشرق,سیمان‌ شرق‌,IREXCEMENT,13
IRO1SSIN0001,شیران,س. صنایع‌شیمیایی‌ایران,IREXCHEMICALSDIVERSIFIED,13
IRO1SSOF0001,سصوفی,سیمان‌ صوفیان‌,IREXCEMENT,13
IRO1SSNR0001,سنیر,سیمان‌ سفید نی‌ریز,IREXCEMENT,15
IRO1STEH0001,ستران,سیمان‌ تهران‌,IREXCEMENT,11
IRO1SURO0001,ساروم,سیمان‌ارومیه‌,IREXCEMENT,11
IRO1SWIC0001,بسویچ,پارس‌سویچ‌,IREXELECTRICALMACHINERY,15
IRO1SZPO0001,خپویش,سازه‌ پویش‌,IREXAUTOPARTS,15
IRO1TAIR0001,پتایر,ایران‌ تایر,IREXRUBBERPLASTICS,15
IRO1TAMI0001,کماسه,تامین‌ ماسه‌ ریخته‌گری‌,IREXOTHERMINERALS,15
IRO1TAYD0001,حتاید,تایدواترخاورمیانه,IREXSHIPPINGPORTS,11
IRO1TAZB0001,وآذر,سرمایه‌گذاری‌توسعه‌آذربایجان‌,IREXINVESTMENTS,15
IRO1TBAS0001,کطبس,ذغال‌سنگ‌ نگین‌ ط‌بس‌,IREXCOAL,15
IRO1TGOS0001,وتوس,توسعه‌شهری‌توس‌گستر,IREXCONSTRUCTION,13
IRO1TKIN0001,رتکو,کنترل‌خوردگی‌تکین‌کو,IREXENGINEERING,15
IRO1TKNO0001,تکنو,تکنوتار,IREXMACHINERY,15
IRO1TKSM0001,کترام,تولیدی‌ کاشی‌ تکسرام‌,IREXTILE,15
IRO1TMEL0001,وتوسم,سرمایه‌گذاری‌توسعه‌ملی‌,IREXINVESTMENTS,13
IRO1TMKH0001,خمحور,تولیدمحورخودرو,IREXAUTOPARTS,13
IRO1TMVD0001,دتماد,تولیدمواداولیه‌داروپخش‌,IREXPHARMACEUTICALS,13
IRO1TOKA0001,وتوکا,سرمایه‌گذاری‌توکافولاد(هلدینگ,IREXINVESTMENTS,11
IRO1TOSA0001,وتوصا,گروه س توسعه صنعتی ایران,IREXINVESTMENTS,11
IRO1TRIR0001,تایرا,تراکتورسازی‌ایران‌,IREXMACHINERY,11
IRO1TRNS0001,بترانس,ایران‌ ترانسفو,IREXELECTRICALMACHINERY,11
IRO1TSBE0001,وبشهر,توسعه‌ صنایع‌ بهشهر(هلدینگ,IREXINVESTMENTS,11
IRO1TSHE0001,وتوشه,سرمایه‌ گذاری‌ پارس‌ توشه‌,IREXINVESTMENTS,11
IRO1TSRZ0001,کرازی,کارخانجات‌تولیدی‌شیشه‌رازی‌,IREXOTHERNONMETALLICPRODUCTS,13
IRO1VSIN0001,وسینا,بانک سینا,IREXBANKSCREDITINSTITUTIONS,15
IRO1YASA0001,پاسا,ایران‌یاساتایرورابر,IREXRUBBERPLASTICS,15
IRO1ZMYD0001,خزامیا,زامیاد,IREXAUTOMANUFACTURERS,15
IRO1LIRZ0001,وایران,لیزینگ ایرانیان,IREXLEASING,11
IRO1DTIP0001,تیپیکو,سرمایه گذاری دارویی تامین,IREXINVESTMENTS,13
IRO1SEPP0001,شسپا,نفت سپاهان,IREXPETROLEUMPRODUCTS,15
IRO1PASH0001,پاکشو,گروه صنعتی پاکشو,IREXCLEANINGPRODUCT,15
IRO1KHOC0001,سخوز,سیمان خوزستان,IREXCEMENT,13
IRO1KNRZ0001,کنور,توسعه معدنی و صنعتی صبانور,IREXMETALLICORES,15
IRO1PMSZ0001,ثشرق,سرمایه گذاری مسکن شمال شرق,IREXCONSTRUCTION,15
IRO1KVEH0001,کاوه,فولاد کاوه جنوب کیش,IREXSTEELIRON,15
IRO1CIDC0001,سیدکو,سرمایه گذاری توسعه صنایع سیمان,IREXINVESTMENTS,15
IRO1GDRS0001,سغدیر,توسعه سرمایه و صنعت غدیر,IREXINVESTMENTS,15
IRO1MOBN0001,مبین,مبین انرژی خلیج فارس,IREXDIVERSIFIEDUTILITIES,15
IRO1KVRZ0001,پکویر,کویر تایر,IREXRUBBERPLASTICS,15
IRO1BKHZ0001,وخاور,بانک خاورمیانه,IREXBANKSCREDITINSTITUTIONS,15
IRO1BVMA0001,ما,بیمه ما,IREXINSURANCEDIVERSIFIED,15
IRO1MOIN0001,ومعین,سرمایه گذاری توسعه معین ملت,IREXINVESTMENTS,13
IRO1PJMZ0001,جم,پتروشیمی جم,IREXCHEMICALSDIVERSIFIED,15
IRO1BFJR0001,بفجر,فجر انرژی خلیج فارس,IREXDIVERSIFIEDUTILITIES,15
IRO1VLMT0001,ولملت,واسپاری ملت,IREXLEASING,15
IRO1DSBH0001,دسبحان,سبحان دارو,IREXPHARMACEUTICALS,15
IRO1IPTR0001,پترول,گروه پتروشیمی س. ایرانیان,IREXINVESTMENTS,15
IRO1APPE0001,آپ,آسان پرداخت پرشین,IREXIT,15
IRO1TTZC0001,برانسفو,ترانسفورماتور توزیع زنگان,IREXELECTRICALMACHINERY,15
IRO1BORS0001,بورس,بورس اوراق بهادار تهران,IREXEXCHANGESEXCHANGERELATED,11
IRO1PTEH0001,شتران,پالایش نفت تهران,IREXPETROLEUMPRODUCTS,15
IRO1KBRS0001,کبورس,کارگزاران بورس اوراق بهادار,IREXEXCHANGESEXCHANGERELATED,11
IRO1NBRS0001,نبورس,نهادهای مالی بورس اوراق بهادار,IREXEXCHANGESEXCHANGERELATED,11
IRO1SYSM0001,سیستم,همکاران سیستم,IREXIT,13
IRO5PSGS0001,شگامرن,مجتمع پترو صنعت گامرون,IREXCHEMICALSDIVERSIFIED,19
IRO1BRKT0001,برکت,گروه دارویی برکت,IREXINVESTMENTS,15
IRO1OMID0001,امید,تامین سرمایه امید,IREXEXCHANGESEXCHANGERELATED,15
IRO1PRKT0001,پرداخت,به پرداخت ملت,IREXIT,15
IRO1FSIN0001,سینا,مالی و سرمایه گذاری سینا,IREXINVESTMENTS,15
IRO1CHDN0001,چدن,تولیدی چدن سازان,IREXMETALLICPRODUCTS,13
IRO1PERS0001,پرشیا,توسعه صنعت نفت و گاز پرشیا,IREXDRILLING,15
IRO1BMLI0001,ثملی,بین المللی ساختمان و صنعت ملی,IREXCONSTRUCTION,15
IRO1HWEB0001,های وب,داده گسترعصرنوین-های وب,IREXTELECOMSERVICES,15
IRO5NSKS0001,غنیلی,مجتمع تولیدی نیلی صنعت کرمان,IREXFARMPRODUCTS,19
IRO1SHFA0001,شفا,سرمایه گذاری شفادارو,IREXINVESTMENTS,15
IRO1LPRS0001,ولپارس,لیزینگ پارسیان,IREXLEASING,15
IRO1ASTC0001,آسیاتک,انتقال داده های آسیاتک,IREXTELECOMSERVICES,15
IRO1SEPK0001,سپ,پرداخت الکترونیک سامان کیش,IREXIT,15
IRO1SHOY0001,شوینده,مدیریت صنعت شوینده ت.ص.بهشهر,IREXCLEANINGPRODUCT,13
IRO5MSCS0001,فماک,ماداکتو استیل کرد,IREXSTEELIRON,19
IRO1ZPRS0001,زپارس,ملی کشت و صنعت و دامپروری پارس,IREXFARMPRODUCTS,15
IRO1PARS0001,پارس,پتروشیمی پارس,IREXCHEMICALSDIVERSIFIED,15
IRO1NORI0001,نوری,پتروشیمی نوری,IREXCHEMICALSDIVERSIFIED,15
IRO1TNOV0001,تنوین,تامین سرمایه نوین,IREXEXCHANGESEXCHANGERELATED,15
IRO1OFOG0001,افق,فروشگاههای زنجیره ای افق کوروش,IREXGROCERYSTORES,15
IRO5SIRS0001,شسیماب,سیماب رزین,IREXCHEMICALSDIVERSIFIED,19
IRO1LTOS0001,لوتوس,تامین سرمایه لوتوس پارسیان,IREXEXCHANGESEXCHANGERELATED,15
IRO1SMRG0001,سیمرغ,سیمرغ,IREXFARMPRODUCTS,15
IRO1BKLA0001,اکالا,کارگزاران بورس کالای ایران,IREXEXCHANGESEXCHANGERELATED,13
IRO1KALA0001,کالا,بورس کالای ایران,IREXEXCHANGESEXCHANGERELATED,13
IRO1NKLA0001,نکالا,نهادهای مالی بورس کالای ایران,IREXEXCHANGESEXCHANGERELATED,13
IRO1TKLA0001,تکالا,تولیدکنندگان بورس کالای ایران,IREXEXCHANGESEXCHANGERELATED,13
IRO1KRSN0001,خراسان,پتروشیمی خراسان,IREXAGRICULTURALCHEMICALS,15
IRO1FSAZ0001,فسازان,غلتک سازان سپاهان,IREXSTEELIRON,15
IRO1JPPC0001,جم پیلن,پلی پروپیلن جم - جم پیلن,IREXCHEMICALSDIVERSIFIED,15
IRO1SADR0001,تاصیکو,سرمایه گذاری صدرتامین,IREXINVESTMENTS,15
IRO1KVIR0001,کویر,تولیدی فولاد سپید فراب کویر,IREXSTEELIRON,15
IRO1GARN0001,قرن,پدیده شیمی قرن,IREXCLEANINGPRODUCT,15
IRO1TMLT0001,تملت,تامین سرمایه بانک ملت,IREXEXCHANGESEXCHANGERELATED,15
IRO1KOSR0001,زکوثر,سرمایه گذاری کشاورزی کوثر,IREXINVESTMENTS,15
IRO5SEMS0001,ستبرا,صنعتی و معدنی ستبران,null,19
IRO1TAMN0001,شستا,سرمایه گذاری تامین اجتماعی,null,15
IRO3ZKPZ0001,بزاگرس,نیروگاه زاگرس کوثر,IREXELECTRICUTILITIES,23
IRO3AFRZ0001,افرا,افرانت,IREXTELECOMSERVICES,21
IRO3ARNZ0001,حذف -آرین,بانک الکترونیکی آرین,IREXBANKSCREDITINSTITUTIONS,23
IRO3ASPZ0001,آ س پ,آ.س.پ,IREXCONSTRUCTION,21
IRO3BDYZ0001,دی,بانک دی,IREXBANKSCREDITINSTITUTIONS,23
IRO3BGHZ0001,ثباغ,شهر سازی و خانه سازی باغمیشه,IREXCONSTRUCTION,21
IRO3BIPZ0001,بپاس,بیمه پاسارگاد,IREXINSURANCEDIVERSIFIED,21
IRO3BLSZ0001,بالاس,مهندسی ساختمان تاسیسات راه آهن,IREXINDUSTRIALCONTRACTING,21
IRO3BMAZ0001,بمپنا,تولید برق عسلویه مپنا,IREXELECTRICUTILITIES,23
IRO3BMDZ0001,ودی,بیمه دی,IREXINSURANCEDIVERSIFIED,23
IRO3BSMZ0001,بساما,بیمه سامان,IREXINSURANCEDIVERSIFIED,21
IRO3CGRZ0001,ثغرب,شرکت سرمایه گذاری مسکن شمالغرب,IREXCONSTRUCTION,21
IRO3DBRZ0001,سدبیر,س. تدبیرگران فارس وخوزستان,IREXINVESTMENTS,23
IRO3CHRZ0001,قچار,فراوردههای غذایی وقند چهارمحال,IREXSUGAR,23
IRO3DTDZ0001,دتولید,داروسازی تولید دارو,IREXPHARMACEUTICALS,21
IRO3FAYZ0001,فولای,صنایع فولاد آلیاژی یزد,IREXSTEELIRON,21
IRO3GHSZ0001,قشیر,قند شیروان قوچان و بجنورد,IREXSUGAR,23
IRO3IMFZ0001,سمگا,گروه سرمایه گذاری میراث فرهنگی,IREXINVESTMENTS,21
IRO3IRNZ0001,وگستر,گسترش سرمایه گذاری ایرانیان,IREXINVESTMENTS,23
IRO3KARZ0001,مفاخر,توسعه فناوری اطلاعات خوارزمی,IREXTECHNOLOGYHARDWAREEQUIPMENT,23
IRO3KHMZ0001,میدکو,هلدینگ صنایع معدنی خاورمیانه,IREXINVESTMENTS,21
IRO3KRMZ0001,کرمان,س. توسعه و عمران استان کرمان,IREXINVESTMENTS,23
IRO3KSGZ0001,کشرق,صنعتی و معدنی شمال شرق شاهرود,IREXCOAL,23
IRO3KZIZ0001,فزرین,زرین معدن آسیا,IREXMETALSEXIRON,23
IRO3MIHZ0001,میهن,بیمه میهن,IREXINSURANCEDIVERSIFIED,23
IRO3MNOZ0001,غمینو,شرکت صنایع غذایی مینو شرق,IREXCONFECTIONERS,23
IRO3MRJZ0001,کمرجان,بازرگانی و تولیدی مرجان کار,IREXOTHERNONMETALLICPRODUCTS,21
IRO3NOLZ0001,شرانل,نفت ایرانول,IREXPETROLEUMPRODUCTS,23
IRO3NPSZ0001,شپاس,نفت پاسارگاد,IREXPETROLEUMPRODUCTS,23
IRO3OSHZ0001,ثعمرا,عمران و توسعه شاهد,IREXCONSTRUCTION,21
IRO3PGHZ0001,شغدیر,پتروشیمی غدیر,IREXCHEMICALSDIVERSIFIED,21
IRO3PKSH0001,پخش,پخش البرز,IREXGROCERYSTORES,23
IRO3PMRZ0001,مارون,پتروشیمی مارون,IREXCHEMICALSDIVERSIFIED,23
IRO3PMTZ0001,ثتران,سرمایه گذاری مسکن تهران,IREXCONSTRUCTION,23
IRO3PNLZ0001,شاوان,پالایش نفت لاوان,IREXPETROLEUMPRODUCTS,23
IRO3PRZZ0001,شراز,پالایش نفت شیراز,IREXPETROLEUMPRODUCTS,23
IRO3PZGZ0001,زاگرس,پتروشیمی زاگرس,IREXCHEMICALSDIVERSIFIED,23
IRO3REYZ0001,برانس,ایران ترانسفو ری,IREXELECTRICALMACHINERY,21
IRO3SBZZ0001,سبزوا,سیمان لار سبزوار,IREXCEMENT,23
IRO3SMBZ0001,حسینا,توسعه خدمات دریایی وبندری سینا,IREXSHIPPINGPORTS,23
IRO3TORZ0001,توریل,توکاریل,IREXRAILROADS,23
IRO3ZAGZ0001,زنگان,صنعت روی زنگان,IREXMETALSEXIRON,23
IRO3ZF020001,ایجاد محیط,ایجاد محیط,IREXCONSTRUCTION,25
IRO3ZF030001,خدمات هوایی,هواپیمایی خدمات ویژه,IREXFARMPRODUCTS,25
IRO3ZF040001,پذیره-ستون,پذیره-پتروشیمی بیستون,IREXCLEANINGPRODUCT,25
IRO3ZF050001,جنگل شفارود,سهامی جنگل شفارود,IREXFORESTRYANDFISHING,25
IRO3ZF060001,نکا,نکا چوب,IREXWOOD,25
IRO3ZF070001,پاسار-پذیره,بانک پاسارگاد-پذیره نویسی,IREXBANKSCREDITINSTITUTIONS,25
IRO3ZF080001,هما,هتلهای هما,IREXHOTELSRESTAURANTS,25
IRO3ZF090001,آریان,پارس آریان,IREXINVESTMENTS,25
IRO3ZF100001,فریم,صنایع چوب فریم,IREXWOOD,25
IRO3ZF110001,واوان,ساختمانی واوان,IREXCONSTRUCTION,25
IRO3ZF120001,ریخته گری تبریز,ریخته گری ماشین سازی تبریز,IREXAUTOPARTS,25
IRO3ZF130001,تبریز,ماشین سازی تبریز,IREXMETALLICPRODUCTS,25
IRO3ZF140001,پترو گچساران,پتروشیمی گچساران,IREXCHEMICALSDIVERSIFIED,25
IRO3ZF150001,ماشین پارس,ماشین سازی پارس,IREXMETALLICPRODUCTS,25
IRO3ZF170001,ایرسوتر,حمل و نقل ایران و روسیه,IREXSHIPPINGPORTS,25
IRO3ZF180001,بهشتی,شرکت کشت و صنعت شهید بهشتی,IREXFARMPRODUCTS,25
IRO3ZF200001,کارآفرینی,گسترش کارآفرینی,null,25
IRO3ZF190001,خاورمیانه,بانک خاورمیانه,IREXBANKSCREDITINSTITUTIONS,25
IRO3ZF210001,پتروباختر,پتروشیمی باختر,null,25
IRO3ZF220001,مهندسی جوش,مهندسی جوش ایران,IREXENGINEERING,25
IRO3ZF230001,زنجان,پتروشیمی زنجان,IREXCHEMICALSDIVERSIFIED,25
IRO3ZF240001,ریل گستر,حمل و نقل ریلی گسترش,IREXRAILROADS,25
IRO3ZF250001,چابهار,صدرا امید چابهار,IREXHEAVYCUNSTRUCTION,25
IRO3ZF260001,پیراحفاری,پیرا حفاری ایران,IREXDRILLING,25
IRO3ZF270001,برنا,بازرگانی برنا,IREXWHOLESALING,25
IRO3ZF280001,پترومروارید,پتروشیمی مروارید,IREXCHEMICALSDIVERSIFIED,25
IRO3ZF290001,گلسار,گلسار فارس,IREXTILE,25
IRO3ZF300001,ایران زمین,پذیره بانک ایران زمین,IREXBANKSCREDITINSTITUTIONS,25
IRO3ZF310001,توسعه صنعت,سرمایه گذاری توسعه صنعت,IREXINVESTMENTS,25
IRO3ZF320001,غیرصنعتی,خدمات غیر صنعتی گاز ایران,IREXCONSTRUCTION,25
IRO3ZF330001,پتروممسنی,پتروشیمی ممسنی-پذیره نویسی,IREXCHEMICALSDIVERSIFIED,25
IRO3ZF340001,پترو دهدشت,پتروشیمی دهدشت-پذیره,IREXCHEMICALSDIVERSIFIED,25
IRO3ZF350001,سپرده گذاری,سپرده گذاری مرکزی اوراق بهادار,IREXEXCHANGESEXCHANGERELATED,25
IRO3ZF360001,توربین جنوب,تجهیزات صنعتی توربین جنوب,IREXENGINEERING,25
IRO3ZF370001,توس,سپیده جام توس,IREXOTHERNONMETALLICPRODUCTS,25
IRO3ZF380001,قشم,خدمات کشتیرانی ستاره قشم,IREXSHIPPINGPORTS,25
IRO3ZF390001,عماد,نیمه هادی عماد,null,25
IRO3ZF400001,پتروکاویان,پتروشیمی کاویان,IREXCHEMICALSDIVERSIFIED,25
IRO3ZF410001,انفورماتیک,گسترش انفورماتیک ایران,IREXIT,25
IRO3ZF420001,آلومینیوم جنوب,مجتمع آلومینیوم جنوب,IREXMETALSEXIRON,25
IRO3ZF430001,بازرگانی معادن,بازرگانی معادن ایران,IREXWHOLESALING,25
IRO3ZF440001,ایرا ن ایر,هواپیمایی ج.ا.ا-هما,IREXAIRPORTSAIRSERVICES,25
IRO3ZF450001,پذیره-بهشت,پذیره- آینده سازان بهشت پارس,IREXFARMPRODUCTS,25
IRO3ZF460001,خدمات نوساز,ساختمان و خدمات نوساز,IREXHOTELSRESTAURANTS,25
IRO3ZF470001,شماره گذاری کالا,شماره گذاری کالا و خدمات,null,25
IRO3ZF480001,تعاون,بیمه تعاون,IREXINSURANCEDIVERSIFIED,25
IRO3ZF490001,صنایع شیر,صنایع شیر سرو بی خزان,IREXDAIRY,25
IRO3ZF500001,مخازن پتروشیمی,پایانه ها و مخازن پتروشیمی,IREXSHIPPINGPORTS,25
IRO3ZF510001,توسعه فارس,توسعه صادرات فارس,null,25
IRO3ZF530001,وکوثر,مالی و اعتباری کوثر مرکزی-حذف,IREXBANKSCREDITINSTITUTIONS,25
IRO3ZF520001,صنایع گلستان,صنایع تبدیلی گلستان,IREXOTHERFOODPRODUCTS,25
IRO3ZF540001,پیمانکاری نوین,پیمانکاری انرژی نوین,IREXENGINEERING,25
IRO3ZF550001,تامکو,تامین ماشین آلات ساختمانی نصب,null,25
IRO3ZF560001,موج تامین,موج تامین ارتباطات پارس,IREXTELECOMSERVICES,25
IRO3ZF570001,بناآفرین,گسترش سازه بناآفرین ایرانیان,IREXCONSTRUCTION,25
IRO3ZF590001,کالای پتروشیمی,کالای پتروشیمی,null,25
IRO3ZF600001,تولیددارو,تولیددارو,IREXCLEANINGPRODUCT,25
IRO3ZF610001,چین چین,کشت و صنعت بین الملل چین چین,IREXOTHERFOODPRODUCTS,25
IRO3ZF620001,پتروشیمی تبریز,پتروشیمی تبریز,IREXCHEMICALSDIVERSIFIED,25
IRO3ZF630001,تهران بتون,تهران بتون,IREXCEMENT,25
IRO3ZF640001,توکا بتن,توکا بتن,IREXOTHERNONMETALLICPRODUCTS,25
IRO3ZF650001,مپسا,مدیریت پروژههای ساختمانی ایران,IREXCONSTRUCTION,25
IRO3ZF660001,پلینار,پلی نار,IREXCHEMICALSDIVERSIFIED,25
IRO3ZF670001,وسرمد,بیمه سرمد,IREXINSURANCEDIVERSIFIED,25
IRO3ZF690001,چخزر,صنایع چوب خزر کاسپین,IREXWOOD,25
IRO3ZF710001,خدمات کشاورزی,خدمات حمایتی کشاورزی,IREXFARMPRODUCTS,25
IRO3ZF720001,سهند,تولید نیروی برق سهند,IREXELECTRICUTILITIES,25
IRO3ZF730001,خلیج فارس,تولید نیروی برق خلیج فارس,IREXELECTRICUTILITIES,25
IRO3ZF740001,قند یاسوج,فرآورده های غذایی قندی یاسوج,IREXSUGAR,25
IRO3ZF750001,نیروگاه عباسپور,بهره برداری نیروگاه عباسپور,IREXELECTRICUTILITIES,25
IRO3ZF760001,نیروگاه دز,بهره برداری نیروگاه دز,IREXELECTRICUTILITIES,25
IRO3ZF770001,نساجی قائمشهر,نساجی قائمشهر,IREXTEXTILE,25
IRO3ZF780001,مقره سازی,مقره سازی ایران,IREXOTHERNONMETALLICPRODUCTS,25
IRO3ZF790001,فن آوا کارت,فن آوا کارت,IREXIT,25
IRO3ZF800001,صنایع بلوچ,گسترش صنایع بلوچ,IREXTEXTILE,25
IRO3ZF810001,داده فن آوا,داده پردازی فن آوا,IREXIT,25
IRO3ZF820001,سرامیک البرز,سرامیک البرز,IREXTILE,25
IRO3ZF830001,صنعت ساختمان,گسترش فن‌آوری‌های صنعت ساختمان,IREXENGINEERING,25
IRO3ZF840001,عمران شرق,عمران و مسکن‌سازان منطقه شرق,IREXCONSTRUCTION,25
IRO3ZOBZ0001,ذوب,سهامی ذوب آهن اصفهان,IREXSTEELIRON,23
IRO3FOHZ0001,هرمز,فولاد هرمزگان جنوب,IREXSTEELIRON,23
IRO3ZF850001,پتروشیمی سلمان,پتروشیمی سلمان فارسی,IREXPETROLEUMPRODUCTS,25
IRO3ZF860001,تکاپو,طراحی و احداث صنایع تکاپو,IREXINDUSTRIALCONTRACTING,25
IRO3KHZZ0001,حخزر,کشتیرانی دریای خزر,IREXSHIPPINGPORTS,23
IRO3ZF870001,ایران دوچرخ,ایران دوچرخ,IREXAUTOMANUFACTURERS,25
IRO3ZF880001,برق آبادان,تولید نیروی برق آبادان,IREXELECTRICUTILITIES,25
IRO3BSRZ0001,شبصیر,تولیدات پتروشیمی قائد بصیر,IREXCHEMICALSDIVERSIFIED,23
IRO3ETLZ0001,اعتلا,شرکت سرمایه گذاری اعتلاء البرز,IREXINVESTMENTS,23
IRO3KBCZ0001,کی بی سی,شرکت کی بی سی,IREXPHARMACEUTICALS,23
IRO3ZF890001,نوسازی صنایع,نوسازی صنایع ایران,IREXINDUSTRIALCONTRACTING,25
IRO3ARFZ0001,ارفع,شرکت آهن و فولاد ارفع,IREXSTEELIRON,23
IRO3ZF910001,عمران تکلار,ساختمانی عمران تکلار,IREXCONSTRUCTION,25
IRO3ZF920001,پتروشیمی همدان,پتروشیمی ابن سینا همدان,IREXPETROLEUMPRODUCTS,25
IRO3ZF930001,زغالسنگ البرز,زغالسنگ البرز شرقی,IREXCOAL,25
IRO3ZF940001,سکارآفرین,سرمایه گذاری بانک کارآفرین,IREXCONSTRUCTION,25
IRO3ZF950001,کاشی کاشمر,تولید کاشی زهره کاشمر,IREXTILE,25
IRO3ZF960001,مشاور نیرو,مهندسین مشاور نیرو,IREXELECTRICUTILITIES,25
IRO3ZF970001,برق منجیل,تولید نیروی برق سبز منجیل,IREXELECTRICUTILITIES,25
IRO3MPRZ0001,ثپردیس,سرمایه گذاری مسکن پردیس,IREXCONSTRUCTION,21
IRO3ZNDZ0001,ثرود,سرمایه‌گذاری مسکن زاینده رود,IREXCONSTRUCTION,21
IRO3ZF980001,سنگ آهن,سنگ آهن مرکزی,IREXMETALLICORES,25
IRO3KSPZ0001,کاسپین,داروسازی کاسپین تامین,IREXPHARMACEUTICALS,21
IRO3GSMZ0001,حقشم,دریایی و مهندسی کشتیرانی قشم,IREXOTHERTRANSPORTATIONSERVICES,23
IRO3LOMZ0001,ولامید,شرکت لیزینگ امید,IREXLEASING,23
IRO3ZF990001,اسفراین,مجتمع صنعتی اسفراین,IREXSTEELIRON,25
IRO3Z0010001,سنگ آهن شرق,سنگ آهن شرق ایران,IREXMETALLICORES,25
IRO3Z0030001,توسعه نیشکر,توسعه نیشکر و صنایع جانبی,IREXSUGAR,25
IRO3Z0020001,نیشکر هفت تپه,کشت و صنعت نیشکر هفت تپه,IREXSUGAR,25
IRO3Z0040001,پتروشیمی مرجان,پتروشیمی مرجان,IREXCHEMICALSDIVERSIFIED,25
IRO3Z0050001,آلومینا,آلومینای ایران,IREXMETALLICORES,25
IRO3Z0060001,ابریشم,پرورش کرم ابریشم ایران,IREXFARMPRODUCTS,25
IRO3Z0070001,سآذر,سرمایه گذاری آذر,IREXINVESTMENTS,25
IRO3Z0080001,کاغذ مراغه,صنایع کاغذ مراغه,IREXPAPERPRODUCTS,25
IRO3BHLZ0001,ولبهمن,شرکت بهمن لیزینگ,IREXLEASING,21
IRO3Z0090001,فولاد تربت,فولاد تربت حیدریه,IREXSTEELIRON,25
IRO3GASZ0001,قاسم,قاسم ایران,IREXGROCERYSTORES,23
IRO3Z0100001,مسکن ایران,عمران و مسکن سازان ایران-یکجا,IREXCONSTRUCTION,25
IRO3Z0110001,مسکن شمالغرب,عمران و مسکن سازان شمالغرب,IREXCONSTRUCTION,25
IRO3GFRZ0001,غفارس,شیر پاستوریزه پگاه فارس,IREXDAIRY,23
IRO3BLKZ0001,دبالک,مواد اولیه دارویی البرز بالک,IREXPHARMACEUTICALS,23
IRO3Z0130001,پتروشیمی دماوند,پتروشیمی دماوند,IREXDIVERSIFIEDUTILITIES,25
IRO3Z0190001,اعتصام,سرمایه گذاری اعتصام,IREXINVESTMENTS,25
IRO3Z0150001,ارشک,سرمایه گذاری ارشک,IREXINVESTMENTS,25
IRO3Z0160001,سیراف,سرمایه گذاری سیراف,IREXINVESTMENTS,25
IRO3Z0180001,زعیم,سرمایه گذاری زعیم,IREXINVESTMENTS,25
IRO3Z0140001,حافظ اعتماد,سرمایه گذاری حافظ اعتماد,IREXINVESTMENTS,25
IRO3Z0200001,مفتاح,سرمایه گذاری مفتاح,IREXINVESTMENTS,25
IRO3Z0210001,پردازش اطلاعات,پردازش اطلاعات ایرانیان,IREXINVESTMENTS,25
IRO3Z0170001,سلیم,سرمایه گذاری سلیم,IREXINVESTMENTS,25
IRO3BHKZ0001,حکمت,بانک حکمت ایرانیان,IREXBANKSCREDITINSTITUTIONS,23
IRO3ETKZ0001,اتکای,بیمه اتکایی ایرانیان,IREXINSURANCEDIVERSIFIED,21
IRO3Z0230001,آرد تجارت,آرد تجارت,IREXCONFECTIONERS,25
IRO3Z0240001,پترو کوهدشت,توسعه پتروشیمی کوهدشت,IREXCHEMICALSDIVERSIFIED,25
IRO3TBSZ0001,کپرور,فرآوری زغال سنگ پروده طبس,IREXCOAL,23
IRO3Z0250001,سفیروز,تولیدی سیمان فیروزکوه,IREXCEMENT,25
IRO3Z0260001,نیروگاه فارس,مولد نیروگاهی تجارت فارس,IREXELECTRICUTILITIES,25
IRO3Z0270001,فناوا کارت,فن آوا کارت,IREXIT,25
IRO3Z0280001,پارس متال,پارس متال,IREXMETALSEXIRON,25
IRO3DZLZ0001,خدیزل,بهمن دیزل,IREXAUTOMANUFACTURERS,23
IRO3KZGZ0001,کیمیا,معدنی کیمیای زنجان گستران,IREXMETALSEXIRON,23
IRO3Z0290001,نفت قشم,سرمایه گذاری نفت قشم,null,25
IRO3TUKZ0001,کتوکا,تولیدی و خدمات صنایع نسوز توکا,IREXOTHERNONMETALLICPRODUCTS,23
IRO3Z0300001,تجارت,بیمه تجارت نو(50% پرداخت شده),IREXINSURANCEDIVERSIFIED,25
IRO3HORZ0001,وهور,مدیریت انرژی امید تابان هور,IREXINVESTMENTS,21
IRO3Z0310001,لیدکو,گسترش صنعت علوم زیستی,IREXINVESTMENTS,25
IRO3GHPZ0001,غپآذر,شیر پگاه آذربایجان شرقی,IREXDAIRY,23
IRO3CHSZ0001,چرمش,شرکت چرم مشهد,IREXLEATHER,23
IRO3Z0320001,چوب خزر,صنایع چوب خزر کاسپین,IREXWOOD,25
IRO3SOBZ0001,وسبحان,سرمایه گذاری سبحان,IREXINVESTMENTS,21
IRO3BKSZ0001,کوثر,بیمه کوثر,IREXINSURANCEDIVERSIFIED,23
IRO3SYNZ0001,ساینا,صنایع بهداشتی ساینا,IREXCLEANINGPRODUCT,23
IRO3TPSZ0001,شتوکا,توکا رنگ فولاد سپاهان,IREXCHEMICALSDIVERSIFIED,23
IRO3FJRZ0001,حفجر,کشتیرانی والفجر,IREXSHIPPINGPORTS,21
IRO3BDMZ0001,دماوند,تولید نیروی برق دماوند,IREXELECTRICUTILITIES,23
IRO3KOSZ0001,وکوثر,شرکت اعتباری کوثر مرکزی,IREXBANKSCREDITINSTITUTIONS,23
IRO3TKMZ0001,اتکام,شرکت بیمه اتکایی امین,IREXINSURANCEDIVERSIFIED,23
IRO3BUAZ0001,بوعلی,شرکت پتروشیمی بوعلی سینا,IREXCHEMICALSDIVERSIFIED,23
IRO3TLIZ0001,تلیسه,دامداری تلیسه نمونه,IREXFARMPRODUCTS,23
IRO3JPRZ0001,چکاپا,گروه صنایع کاغذ پارس,IREXPAPERPRODUCTS,23
IRO3PKDZ0001,غدیس,پاکدیس,IREXBEVERAGESOFTDRINKS,23
IRO3DSNZ0001,دسانکو,داروسازی سبحان انکولوژی,IREXPHARMACEUTICALS,23
IRO3GOMZ0001,گوهران,سرمایه گذاری توسعه گوهران امید,IREXINVESTMENTS,21
IRO3SLVZ0001,ثالوند,سرمایه گذاری مسکن الوند,IREXCONSTRUCTION,21
IRO3Z0330001,شرمان,پالایش نفت کرمانشاه,IREXPETROLEUMPRODUCTS,25
IRO3BSBZ0001,بصبا,تولید نیروی جنوب غرب صبا,IREXELECTRICUTILITIES,23
IRO3HRLZ0001,حریل,ریل پردازسیر,IREXRAILROADS,23
IRO3Z0340001,برق مپنا,تولید برق پرند مپنا,IREXELECTRICUTILITIES,25
IRO3KAHZ0001,بکهنوج,تولید برق ماهتاب کهنوج,IREXELECTRICUTILITIES,23
IRO3Z0360001,اعتضاد غدیر,سرمایه گذاری اعتضاد غدیر,IREXINVESTMENTS,25
IRO3HPRZ0001,حپارسا,توسعه حمل و نقل ریلی پارسیان,IREXRAILROADS,23
IRO3Z0370001,وثامن,شرکت اعتباری ثامن,IREXBANKSCREDITINSTITUTIONS,25
IRO3APDZ0001,اپرداز,آتیه داده پرداز,IREXIT,23
IRO3Z0380001,وارزش,ارزش آفرینان پاسارگاد,IREXINVESTMENTS,25
IRO3GDSZ0001,زگلدشت,کشت و دام گلدشت نمونه اصفهان,IREXFARMPRODUCTS,23
IRO3PGLZ0001,غگلستا,شیر پاستوریزه پگاه گلستان,IREXDAIRY,23
IRO3Z0400001,پترو همدان,پتروشیمی ابن سینا همدان,IREXPETROLEUMPRODUCTS,25
IRO3Z0410001,پترو دماوند,پتروشیمی دماوند,IREXDIVERSIFIEDUTILITIES,25
IRO3PGPZ0001,غگلپا,شیر پاستوریزه پگاه گلپایگان,IREXDAIRY,23
IRO3Z0420001,مدیریت سبا,نوآوران مدیریت سبا,IREXINVESTMENTS,25
IRO3MOBZ0001,اوان,مبین وان کیش,IREXIT,23
IRO3RSKZ0001,حسیر,ریل سیر کوثر,IREXRAILROADS,23
IRO3PIVZ0001,وپویا,سرمایه گذاری پویا,IREXINVESTMENTS,23
IRO3Z0430001,سرمایه لقمان,سرمایه گذاری لقمان,IREXINVESTMENTS,25
IRO3Z0440001,خدمات بازنشستگی,خدمات مدیریت صندوق بازنشستگی,IREXINVESTMENTS,25
IRO5GSKS0001,غگز,گز سکه,IREXCONFECTIONERS,29
IRO3Z0450001,گروه ایرانیان,گروه صنعتی ایرانیان,IREXINVESTMENTS,25
IRO3SHHZ0001,غشهداب,کشت و صنعت شهداب ناب خراسان,IREXOTHERFOODPRODUCTS,23
IRO3ZMMZ0001,زشگزا,شیر و گوشت زاگرس شهرکرد,IREXFARMPRODUCTS,23
IRO3Z0460001,تامین سپهر,تامین سرمایه سپهر,IREXEXCHANGESEXCHANGERELATED,25
IRO3ASKZ0001,وملل,اعتباری ملل,IREXBANKSCREDITINSTITUTIONS,23
IRO8PDHT0001,دهدشت,پتروشیمی دهدشت,IREXCHEMICALSDIVERSIFIED,null
IRO8IPTT0001,پترول,پتروشیمی سرمایه گذاری ایرانیان,null,null
IRO8CDST0001,سپرده,سپرده گذاری مرکزی و تسویه وجوه,IREXEXCHANGESEXCHANGERELATED,null
IRO3BHPZ0001,بهپاک,صنعتی بهپاک,IREXFARMPRODUCTS,23
IRO3OTCZ0001,توربو,توربو کمپرسور نفت,IREXMACHINERY,23
IRO3SARZ0001,سرچشمه,سرمایه گذاری مس سرچشمه,IREXINVESTMENTS,23
IRO5UWCS0001,سفاروم,سیمان سفید ارومیه,IREXCEMENT,29
IRO3PKHZ0001,گکوثر,هتل پارسیان کوثر اصفهان,IREXHOTELSRESTAURANTS,23
IRO3ASAZ0001,حآسا,آسیا سیر ارس,IREXRAILROADS,23
IRO3Z0470001,صنایع امید,توسعه صنایع معدنی امید,IREXINVESTMENTS,25
IRO3Z0480001,انرژی سپهر,توسعه برق و انرژی سپهر,IREXELECTRICUTILITIES,25
IRO3RPEZ0001,ریشمک,تولید و صادرات ریشمک,IREXPHARMACEUTICALS,23
IRO3ANQZ0001,نطرین,عطرین نخ قم,IREXTEXTILE,23
IRO3ISLZ0001,ولشرق,لیزینگ ایران و شرق,IREXLEASING,23
IRO3Z0490001,وهنر-پذیره,گروه توسعه هنر ایران-پذیره,null,25
IRO3Z0500001,توسعه مجاب,توسعه و سرمایه گذاری مجاب,IREXINVESTMENTS,25
IRO3Z0510001,هوایی سامان,خدمات هوایی سامان,null,25
IRO3Z0520001,کرمان خودرو,گروه اقتصادی کرمان خودرو-پذیره,IREXAUTOMANUFACTURERS,25
IRO5AZBS0001,خاذر,تولیدی آذر باتری ارومیه,IREXAUTOPARTS,29
IRO3RWTZ0001,حرآهن,راه آهن حمل ونقل,IREXRAILROADS,23
IRO5KKSS0001,غکولاک,کولاک‌ شرق‌,IREXBEVERAGESOFTDRINKS,29
IRO3BAHZ0001,زبینا,کشاورزی و دامپروری بینالود,IREXFARMPRODUCTS,23
IRO3GAHZ0001,زقیام,کشت و دام قیام اصفهان,IREXFARMPRODUCTS,23
IRO5EGCS0001,فکباتا,کنترل گاز اکباتان,IREXMETERINSTRUMENTS,29
IRO5INAS0001,منارا,ایران نارا,null,29
IRO3TIGZ0001,تبرک,گروه کارخانجات صنعتی تبرک,IREXOTHERFOODPRODUCTS,23
IRO3ICCZ0001,ثعمسا,عمران و مسکن سازان ایران,IREXCONSTRUCTION,23
IRO3KPEZ0001,تاپکیش,تجارت الکترونیک پارسیان کیش,IREXIT,23
IRO3Z0530001,هواپیمایی کارون,هواپیمایی کارون,IREXAIRPORTSAIRSERVICES,25
IRO3CEIZ0001,کآرا,صنایع سرام آرا,IREXTILE,23
IRO3MSZ96111,تسه9611,امتیاز تسهیلات مسکن بهمن96,IREXHOUSINGMORTGAGERIGHT,24
IRO3IKSZ0001,خیمن,ایمن خودرو شرق,IREXAUTOPARTS,23
IRO3MSZ96121,تسه9612,امتیاز تسهیلات مسکن اسفند96,IREXHOUSINGMORTGAGERIGHT,24
IRO3MSZ97011,تسه9701,امتیاز تسهیلات مسکن فروردین97,IREXHOUSINGMORTGAGERIGHT,24
IRO3GEDZ0001,بگیلان,توسعه مسیر برق گیلان,IREXELECTRICUTILITIES,21
IRO3IOMZ0001,مادیرا,صنایع ماشین های اداری ایران,IREXTECHNOLOGYHARDWAREEQUIPMENT,23
IRO3Z0540001,واسپاری آیندگان,واسپاری صنعت نفت آیندگان,IREXLEASING,25
IRO3IKAZ0001,زکشت,کشاورزی مکانیزه اصفهان کشت,IREXFARMPRODUCTS,23
IRO3Z0550001,ملارد شیر,کشاورزی و دامپروری ملارد شیر,IREXFARMPRODUCTS,25
IRO3TEST0001,تست,نماد تستی,IREXFARMPRODUCTS,25
IRO3AVLZ0001,داوه,داروسازی آوه سینا,IREXPHARMACEUTICALS,23
IRO3BNOP0001,نوین,بیمه نوین,IREXINSURANCEDIVERSIFIED,23
IRO3MOIZ0001,ومعلم,بیمه معلم,IREXINSURANCEDIVERSIFIED,23
IRO3DKHZ0001,زدشت,کشت و صنعت دشت خرم دره,IREXFARMPRODUCTS,23
IRO3Z0560001,زرند,فولاد زرند,IREXSTEELIRON,25
IRO3Z0570001,سیرجان,فولاد سیرجان,IREXSTEELIRON,25
IRO3Z0580001,پتروشیمی کوروش,توسعه صنایع پتروشیمی کوروش,IREXCHEMICALSDIVERSIFIED,25
IRO3GZIZ0001,کگهر,سنگ آهن گهرزمین,IREXMETALLICORES,23
IRO3MACZ0001,زماهان,مجتمع تولید گوشت مرغ ماهان,IREXFARMPRODUCTS,23
IRO3Z0590001,زیسکو,فولاد زرند ایرانیان,IREXSTEELIRON,25
IRO3Z0600001,سیسکو,فولاد سیرجان ایرانیان,IREXSTEELIRON,25
IRO3FAAZ0001,زفکا,کشت و دامداری فکا,IREXFARMPRODUCTS,23
IRO3SAAZ0001,زشریف,کشت وصنعت شریف آباد,IREXFARMPRODUCTS,23
IRO3IGCZ0001,دکپسول,تولید ژلاتین کپسول ایران,IREXPHARMACEUTICALS,23
IRO3Z0610001,بهسازان صنایع,بهسازان صنایع خاورمیانه,IREXENGINEERING,25
IRO3Z0620001,باران,بیمه زندگی باران50%تادیه,IREXINSURANCEDIVERSIFIED,25
IRO3RAPZ0001,درهآور,دارویی ره آورد تامین,IREXPHARMACEUTICALS,23
IRO3GEMZ0001,رنیک,جنرال مکانیک,IREXENGINEERING,23
IRO3JPPZ0001,بجهرم,توسعه مولد نیروگاهی جهرم,IREXELECTRICUTILITIES,23
IRO3Z0630001,ریل پرداز,ریل پرداز نوآفرین,IREXRAILROADS,25
IRO3VITZ0001,غویتا,ویتانا,IREXCONFECTIONERS,23
IRO3Z0640001,نیرو ترانسفو,کارخانجات تولیدی نیرو ترانسفو,IREXELECTRICALMACHINERY,25
IRO3HEDZ0001,هجرت,پخش هجرت,IREXPHARMACEUTICALS,23
IRO3DPDZ0001,دتوزیع,توزیع دارو پخش,IREXPHARMACEUTICALS,23
IRO3FRBZ0001,فرابورس,فرابورس ایران,IREXEXCHANGESEXCHANGERELATED,21
IRO3SDFZ0001,شصدف,صنعتی دوده فام,IREXCHEMICALSDIVERSIFIED,23
IRO3ANIZ0001,وآوا,سرمایه گذاری آوا نوین,IREXINVESTMENTS,23
IRO3IZSZ0001,فروی,ذوب روی اصفهان,IREXMETALSEXIRON,23
IRO3MEAZ0001,ومهان,گروه توسعه مالی مهر آیندگان,IREXINVESTMENTS,23
IRO3CDSZ0001,سپرده,سپرده گذاری مرکزی و تسویه وجوه,null,23
IRO3Z0650001,تماوند,تامین سرمایه دماوند,null,25
IRO3YZTZ0001,پیزد,مجتمع صنایع لاستیک یزد,null,23
IRO3CHPZ0001,کلر,کلر پارس,IREXCHEMICALSDIVERSIFIED,23
IRO3SACZ0001,ساوه,سیمان ساوه,IREXCEMENT,23
IRO3PEGZ0001,غگیلا,شیرپاستوریزه پگاه گیلان,null,23
IRO3TPEZ0001,شگویا,پتروشیمی تندگویان,IREXCHEMICALSDIVERSIFIED,23
IRO3RYHZ0001,رافزا,رایان هم افزا,null,23
IRO3APOZ0001,آریا,پلیمر آریا ساسول,null,23
IRO3STIZ0001,صبا,سرمایه گذاری صبا تامین,IREXINVESTMENTS,21
IRO7SHLP0001,شلرد,کود شیمیایی اوره لردگان,IREXAGRICULTURALCHEMICALS,37
IRO7ABGP0001,کابگن,تولیدی و صنعتی آبگینه‌,IREXOTHERNONMETALLICPRODUCTS,37
IRO7AFRP0001,وآفر,سرمایه گذاری ارزش آفرینان,IREXINVESTMENTS,37
IRO7ALTP0001,فالوم,آلومتک‌,IREXMETALSEXIRON,37
IRO7ARAP0001,حاریا,کشتیرانی آریا,IREXSHIPPINGPORTS,37
IRO7ARMP0001,آرمان,بیمه آرمان,IREXINSURANCEDIVERSIFIED,37
IRO7ARNP0001,وآرین,شرکت توسعه اقتصادی آرین,IREXINVESTMENTS,37
IRO7ARTP0001,پارتا,مجتمع‌صنعتی‌آرتاویل‌تایر,IREXRUBBERPLASTICS,37
IRO7AYNP0001,وآیند,بانک آینده,IREXBANKSCREDITINSTITUTIONS,37
IRO7AZRP0001,ساذری,آذریت‌,IREXOTHERNONMETALLICPRODUCTS,37
IRO7AZMP0001,لازما,کارخانه های صنعتی آزمایش,IREXAPPLIANCES,37
IRO7BE1P0001,انرژی1,نهادهای مالی بورس انرژی,IREXEXCHANGESEXCHANGERELATED,37
IRO7BE2P0001,انرژی2,فعالان بورس انرژی,IREXEXCHANGESEXCHANGERELATED,37
IRO7BE3P0001,انرژی3,سایر اشخاص بورس انرژی,IREXEXCHANGESEXCHANGERELATED,37
IRO7BHEP0001,آینده,بازرگانی آینده سازان بهشت پارس,IREXFARMPRODUCTS,37
IRO7BIRP0001,فبیرا,بسته‌ بندی‌ ایران‌,IREXMETALLICPRODUCTS,37
IRO7BNDP0001,حبندر,دریایی و کشتیرانی خط دریابندر,IREXSHIPPINGPORTS,37
IRO7BPRP0001,چبسپا,بسته‌ بندی‌ پارس,IREXPAPERPRODUCTS,37
IRO7BSAP0001,سامان,بانک سامان,IREXBANKSCREDITINSTITUTIONS,37
IRO7BSOP0001,قیستو,شرکت قند بیستون,IREXSUGAR,37
IRO7BSHP0001,وشهر,بانک شهر,IREXBANKSCREDITINSTITUTIONS,37
IRO7CBBP0001,سباقر,سیمان باقران,IREXCEMENT,37
IRO7CMKP0001,سمتاز,سیمان ممتازان کرمان,IREXCEMENT,37
IRO7CNAP0001,ثنام,س ساختمانی ب نام آوران مهندسی,IREXCONSTRUCTION,37
IRO7DANP0001,ودانا,سرمایه گذاری دانایان پارس,IREXINVESTMENTS,37
IRO7DSHP0001,دشیری,شیرین دارو,IREXPHARMACEUTICALS,37
IRO7DHVP0001,دحاوی,الحاوی,IREXPHARMACEUTICALS,37
IRO7ESHP0001,تشتاد,صنایع تولیدی اشتاد ایران‌,IREXAUTOPARTS,37
IRO7ETMP0001,ثعتما,س. ساختمانی اعتماد گستر,IREXINVESTMENTS,37
IRO7FANP0001,فن آوا,گروه فن آوا,IREXINVESTMENTS,37
IRO7FLTP0001,فلات,گروه صنایع معادن فلات ایرانیان,IREXINVESTMENTS,37
IRO7GAZP0001,پلوله,گازلوله‌,IREXRUBBERPLASTICS,37
IRO7GHMP0001,وقوام,بانک قوامین,IREXBANKSCREDITINSTITUTIONS,37
IRO7GSIP0001,ولتجار,واسپاری تجارت وسرمایه ایرانیان,IREXAUTOWHOLESALERRETAILER,37
IRO7HPKP0001,تپکو,تولیدتجهیزات‌سنگین‌هپکو,IREXMACHINERY,37
IRO7GTOP0001,قجام,فرآوردههای غذایی وقندتربت‌جام‌,IREXSUGAR,37
IRO7IENP0001,سنوین,سرمایه گذاری اقتصاد نوین,IREXINVESTMENTS,37
IRO7IFMP0001,ومشان,س. فنی و مهندسی مشانیر,IREXINVESTMENTS,37
IRO7IRNP0001,سایرا,ایرانیت‌,IREXOTHERNONMETALLICPRODUCTS,37
IRO7ISTP0001,ویسا,سرمایه گذاری ایساتیس پویا,IREXINVESTMENTS,37
IRO7ITLP0001,کایتا,ایتالران‌,IREXOTHERNONMETALLICPRODUCTS,37
IRO7JSHP0001,فجوش,جوش‌ و اکسیژن‌ ایران‌,IREXMETALLICPRODUCTS,37
IRO7KBDP0001,کباده,تولید خاک نسوزاستقلال آباده,IREXOTHERNONMETALLICPRODUCTS,37
IRO7KARP0001,وآفری,بیمه کارآفرین,IREXINSURANCEDIVERSIFIED,37
IRO7KBLP0001,بایکا,کارخانجات کابلسازی ‌ایران‌,IREXINDUSTRIALEQUIPMENTCOMPONENTS,37
IRO7KIVP0001,غیوان,کیوان,IREXCONFECTIONERS,37
IRO7KMSP0001,چکارم,کارتن‌ مشهد,IREXPAPERPRODUCTS,37
IRO7KMOP0001,لکما,کارخانجات‌مخابراتی‌ایران‌,IREXCOMMUNICATIONEQUIPMENT,37
IRO7KSDP0001,کصدف,کاشی صدف سرام استقلال آباده,IREXTILE,37
IRO7KSNP0001,کیسون,شرکت کیسون,IREXCONSTRUCTION,37
IRO7KTAP0001,بتک,کارخانجات کابل سازی‌ تک‌,IREXINDUSTRIALEQUIPMENTCOMPONENTS,37
IRO7LKPP0001,لخانه,لوازم‌ خانگی‌ پارس‌,IREXAPPLIANCES,37
IRO7LARP0001,سلار,شرکت سیمان لارستان,IREXCEMENT,37
IRO7LSDP0001,فسدید,لوله‌وتجهیزات‌ سدید - ورشکسته,IREXSTEELIRON,37
IRO7MILP0001,بمیلا,توسعه بازرگانی آهن وفولادمیلاد,IREXWHOLESALING,37
IRO7MOZP0001,تراک,ماشین‌آلات صنعتی تراکتورسازی‌,IREXMACHINERY,37
IRO7MINP0001,غصینو,صنعتی مینو,IREXCONFECTIONERS,37
IRO7NARP0001,تکنار,مجتمع معادن مس تکنار,IREXMETALLICORES,37
IRO7NEOP0001,چنوپا,نیوپان‌ 22 بهمن‌,IREXWOOD,37
IRO7NZMP0001,ثنظام,س. ساختمانی نظام مهندسی ایران,IREXCONSTRUCTION,37
IRO7NIRP0001,نیرو,نیرو سرمایه,IREXELECTRICALMACHINERY,37
IRO7NORP0001,ثنور,سرمایه گذاری کوه نور,IREXCONSTRUCTION,37
IRO7PAIP0001,آریان,سرمایه گذاری پارس آریان,IREXINVESTMENTS,37
IRO7PDRP0001,داراب,پتروشیمی داراب,IREXCHEMICALSDIVERSIFIED,37
IRO7PDHP0001,دهدشت,صنایع پتروشیمی دهدشت,IREXCHEMICALSDIVERSIFIED,37
IRO7PFSP0001,فسا,پتروشیمی فسا,IREXCHEMICALSDIVERSIFIED,37
IRO7PJHP0001,جهرم,پتروشیمی جهرم,IREXCHEMICALSDIVERSIFIED,37
IRO7PKBP0001,شکبیر,پتروشیمی امیرکبیر,IREXCHEMICALSDIVERSIFIED,37
IRO7PKZP0001,کازرو,پتروشیمی کازرون,IREXCHEMICALSDIVERSIFIED,37
IRO7PLSP0001,پلاست,کارخانجات تولیدی پلاستیران,IREXRUBBERPLASTICS,37
IRO7PMMP0001,ممسنی,پتروشیمی ممسنی,IREXCHEMICALSDIVERSIFIED,37
IRO7PSMP0001,معیار,سرمایه گذاری معیار صنعت پارس,IREXINVESTMENTS,37
IRO7PRMP0001,سپرمی,پرمیت‌,IREXOTHERNONMETALLICPRODUCTS,37
IRO7PYAP0001,لپیام,گسترش صنایع پیام,IREXCOMMUNICATIONEQUIPMENT,37
IRO7QAZP0001,ثقزوی,شرکت عمران و سازندگی قزوین,IREXCONSTRUCTION,37
IRO7RAHP0001,حرهشا,رهشاد سپاهان (سهامی عام,IREXTRUCKING,37
IRO7RAZP0001,ولراز,لیزینگ رازی,IREXLEASING,37
IRO7RNAP0001,غناب,روغن‌ نباتی‌ ناب,IREXFARMPRODUCTS,37
IRO7RZIP0001,ورازی,بیمه رازی,IREXINSURANCEDIVERSIFIED,37
IRO7SALP0001,وسالت,بانک قرض الحسنه رسالت,IREXBANKSCREDITINSTITUTIONS,37
IRO7SASP0001,سجام,مجتمع سیمان غرب آسیا,IREXCEMENT,37
IRO7SDRP0001,خصدرا,صنعتی‌ دریایی‌ ایران‌,IREXINDUSTRIALCONTRACTING,37
IRO7SEKP0001,سخواف,سیمان مجد خواف,IREXCEMENT,37
IRO7SESP0001,ثاصفا,شرکت‌ ساختمان‌ اصفهان‌,IREXCONSTRUCTION,37
IRO7SFSP0001,سفاسی,شرکت فارسیت اهواز,IREXOTHERNONMETALLICPRODUCTS,37
IRO7SHIP0001,پشاهن,تولیدی پلاستیک‌ شاهین,IREXRUBBERPLASTICS,37
IRO7SHOP0001,وشمال,س. چشم انداز توسعه شمال,IREXINVESTMENTS,37
IRO7SHQP0001,کقزوی,شیشه‌ قزوین‌,IREXOTHERNONMETALLICPRODUCTS,37
IRO7SJVP0001,ثجوان,تامین مسکن جوانان,IREXCONSTRUCTION,37
IRO7SNOP0001,وثنو,سرمایه گذاری ساختمانی نوین,IREXINVESTMENTS,37
IRO7SOLP0001,فسلیر,سولیران‌,IREXMETALLICPRODUCTS,37
IRO7SRMP0001,وسرمد,بیمه سرمد,IREXINSURANCEDIVERSIFIED,37
IRO7SPRP0001,غشوکو,شوکو پارس,IREXCONFECTIONERS,37
IRO7STNP0001,شستان,پتروشیمی گلستان,IREXCHEMICALSDIVERSIFIED,37
IRO7THDP0001,دتهران‌,داروسازی‌ تهران‌ دارو,IREXPHARMACEUTICALS,37
IRO7TJMP0001,شجم,صنایع پتروشیمی تخت جمشید,IREXCHEMICALSDIVERSIFIED,37
IRO7TKDP0001,وکادو,تکادو,IREXINVESTMENTS,37
IRO7TSAP0001,شسم,تولید سموم‌ علف‌ کش,IREXCHEMICALSDIVERSIFIED,37
IRO7TRKP0001,گکیش,توریستی ورفاهی آبادگران کیش,IREXHOTELSRESTAURANTS,37
IRO7TSEP0001,توسعه,اعتباری توسعه,IREXBANKSCREDITINSTITUTIONS,37
IRO7TVNP0001,وتعاون,بیمه تعاون,IREXINSURANCEDIVERSIFIED,37
IRO7VARP0001,کورز,ورزیران‌,IREXOTHERNONMETALLICPRODUCTS,37
IRO7VAVP0001,وآوین,سرمایه گذاری آوین,IREXINVESTMENTS,37
IRO7VHSP0001,واحصا,احیاء صنایع خراسان,IREXINVESTMENTS,37
IRO7VHYP0001,واحیا,م .صنایع و معادن احیاء سپاهان,IREXINVESTMENTS,37
IRO7VLNP0001,ولانا,شرکت لیزینگ آریا دانا,IREXLEASING,37
IRO7VOSP0001,وثوق,سرمایه گذاری وثوق امین,IREXINVESTMENTS,37
IRO7ZNGP0001,شزنگ,تجهیزنیروی‌زنگان‌,IREXPETROLEUMPRODUCTS,37
IRO7ZNJP0001,زنجان,صنایع کشاورزی وکود زنجان,IREXCHEMICALSDIVERSIFIED,37
IRO7SNAP0001,وسنا,سرمایه گذاری نیروگاهی ایران,IREXINVESTMENTS,37
IRO7ARSP0001,وارس,سرمایه گذاری ارس صبا,IREXINVESTMENTS,37
IRO7DIOP0001,بدکو,شرکت فروشگاه زنجیره ای دیاکو,IREXAUTOWHOLESALERRETAILER,37
IRO7ATSP0001,وآتوس,س.آرین توسکا قیمت اسمی 350ریال,IREXINVESTMENTS,37
IRO7FBSP0001,فبستم,صنایع ‌بسته‌بندی‌ مشهد,IREXMETALLICPRODUCTS,37
IRO7HFZP0001,وحافظ,بیمه حافظ,IREXINSURANCEDIVERSIFIED,37
IRO7CKHP0001,وثخوز,سرمایه گذاری و توسعه خوزستان,IREXCONSTRUCTION,37
IRO7KPAP0001,نشار,کارخانجات پشمبافی افشار یزد,IREXTEXTILE,37
IRO7SFAP0001,سفارود,کارخانه فارسیت درود,IREXOTHERNONMETALLICPRODUCTS,37
IRO7FROP0001,تفیرو,مهندسی فیروزا,IREXMACHINERY,37
IRO7REFP0001,رفاه,فروشگاه های زنجیره ای رفاه,IREXGROCERYSTORES,37
IRO7PTOP0001,نتوس,پشم‌ بافی‌ توس,IREXTEXTILE,37
IRO7SHEP0001,شرنگی,شیمیایی رنگین,IREXCHEMICALSDIVERSIFIED,37
IRO7TOPP0001,شتولی,تولی‌پرس‌,IREXCLEANINGPRODUCT,37
IRO7SDIP0001,وسدید,گروه ‌صنعتی‌سدید,IREXINVESTMENTS,37
IRO7CZGP0001,ثزاگرس,سرمایه گذاری توسعه عمران زاگرس,IREXCONSTRUCTION,37
IRO7LIBP0001,خلیبل,مالیبل سایپا,IREXAUTOPARTS,37
IRO7VSNP0001,وسین,بیمه سینا,IREXINSURANCEDIVERSIFIED,37
IRO7FAFP0001,فافزا,فولاد افزا سپاهان,IREXSTEELIRON,37
IRO7CKRP0001,سخرم,شرکت سیمان خرم آباد,IREXCEMENT,37
IRO7KHDP0001,خودکفا,اقتصادی و خودکفایی آزادگان,IREXCONFECTIONERS,37
IRO7KFRP0001,کفرآور,فرآورده های سیمان شرق,IREXOTHERNONMETALLICPRODUCTS,37
IRO7KAFP0001,شکف,کف,IREXCLEANINGPRODUCT,37
IRO7TABP0001,تابا,تابان نیرو سپاهان,IREXENGINEERING,37
IRO7FVAP0001,فوکا,فولاد کاویان,IREXSTEELIRON,37
IRO7PESP0001,شصفها,پتروشیمی‌ اصفهان‌,IREXCHEMICALSDIVERSIFIED,37
IRO7VMHP0001,ومهر,بانک مهر اقتصاد,IREXBANKSCREDITINSTITUTIONS,37
IRO7KHEP0001,خفولا,خدمات فنی فولاد یزد,IREXENGINEERING,37
IRO7TPOP0001,تپولا,مهندسی مرآت پولاد,IREXENGINEERING,37
IRO7GHUP0001,قاروم,قند ارومیه,IREXSUGAR,37
IRO7PBRP0001,گپارس,امور رفاهی کارگزاران پارس,IREXHOTELSRESTAURANTS,37
IRO7ENRP0001,ونور,اعتباری نور,IREXBANKSCREDITINSTITUTIONS,37
IRO7VIRP0001,وایرا,سرمایه گذاری صنایع ایران,IREXINVESTMENTS,37
IRO7IKVP0001,کورزی,سرمایه گذاری کشاورزی ایران,IREXFARMPRODUCTS,37
IRO7CTSP0001,ثتوسا,س.توسعه و عمران استان اردبیل,IREXCONSTRUCTION,37
IRO7FAHP0001,فاهواز,نورد و لوله اهواز,IREXSTEELIRON,37
IRO7FNRP0001,فنرژی,گسترش صنایع انرژی آذرآب,IREXMETALLICPRODUCTS,37
IRO7SRJP0001,ساروج,بین المللی ساروج بوشهر,IREXCEMENT,37
IRO7JMIP0001,وجامی,سرمایه گذاری جامی,IREXINVESTMENTS,37
IRO7ABYP0001,آبین,کشت و صنعت آبشیرین,IREXFARMPRODUCTS,37
IRO7THSP0001,شتهران,داروسازی تهران شیمی,IREXPHARMACEUTICALS,37
IRO7GPHP0001,دقاضی,داروسازی شهید قاضی,IREXPHARMACEUTICALS,37
IRO7TNIP0001,بنو,بیمه تجارت نو,IREXINSURANCEDIVERSIFIED,37
IRO7CPCP0001,وکاسپی,اعتباری کاسپین,IREXBANKSCREDITINSTITUTIONS,37
IRO7NGJP0001,کنگار,کاشی و سرامیک نگار گستر جلگه,IREXTILE,37
IRO7SEIP0001,وبرق,س.کارکنان صنعت برق زنجان وقزوی,IREXINVESTMENTS,37
IRO7ITIP0001,کاصفا,صنایع کاشی اصفهان,IREXTILE,37
IRO7NLTP0001,کنیلو,کاشی نیلو,IREXTILE,37
IRO7MLIP0001,بخاور,بیمه زندگی خاورمیانه,IREXINSURANCEDIVERSIFIED,37
IRO7IRTP0001,کچینی,چینی ایران,IREXTILE,37
IRO7HSIP0001,وحکمت,بیمه حکمت صبا,IREXINSURANCEDIVERSIFIED,37
IRO7TONP0001,خعمرا,توسعه و عمران شهرستان نائین,IREXAUTOPARTS,37
IRO7PPAP0001,شپمچا,پارس پامچال,IREXCHEMICALSDIVERSIFIED,37
IRO7PGIP0001,وپسا,س. پتروشیمی ساختمان خلیج فارس,IREXINVESTMENTS,37
IRO7KACP0001,سکارون,سیمان کارون,IREXCEMENT,37
IRO7MFMP0001,شمواد,تولید مواداولیه الیاف مصنوعی,IREXCHEMICALSDIVERSIFIED,37
IRO7POIP0001,شپلی,پلی اکریل ایران,IREXCHEMICALSDIVERSIFIED,37
IRO7AIBP0001,وآداک,صنعت و تجارت آداک,IREXINVESTMENTS,37
IRO7ZMNP0001,وزمین,بانک ایران زمین,IREXBANKSCREDITINSTITUTIONS,37
IRO7MIGP0001,کمینا,شیشه سازی مینا,IREXOTHERNONMETALLICPRODUCTS,37
IRO7OECP0001,شساخت,مهندسی و ساختمان صنایع نفت,IREXDRILLING,37
IRO7MIVP0001,وملت,سرمایه گذاری ملت,IREXINVESTMENTS,37
IRO7RFNZ0001,خفناور,مهندسی صنعتی روان فن آور,IREXAUTOPARTS,37
IRO7NPMP0001,غپونه,نوش پونه مشهد,IREXOTHERFOODPRODUCTS,37
IRO7SDLP0001,خکاوه,سایپا دیزل,IREXAUTOMANUFACTURERS,37
IRO7KKHP0001,خکرمان,گروه اقتصادی کرمان خودرو,IREXAUTOMANUFACTURERS,37
IRO7RTRP0001,حرهور,مجتمع ترابری رهنورد,IREXTRUCKING,37
IRO7EFSP0001,وفتخار,سرمایه گذاری افتخار سهام,IREXINVESTMENTS,37
IRO7JAIP0001,جوین,کشت و صنعت جوین,IREXFARMPRODUCTS,37
IRO7IKDP0001,خاور,ایران خودرو دیزل,IREXAUTOMANUFACTURERS,37
IRO7AIMP0001,وامیر,گروه صنعتی و معدنی امیر,IREXMETALLICORES,37
IRO7NJSP0001,قنقش,قند نقش جهان,IREXSUGAR,37
IRO7IBKZ0001,سمایه,بانک سرمایه,IREXBANKSCREDITINSTITUTIONS,37
IRO7FAPP0001,شفارا,پتروشیمی فارابی,IREXCHEMICALSDIVERSIFIED,37
IRO7BEGP0001,کهرام,تولیدی گرانیت بهسرام,IREXTILE,37
IRO7NITP0001,گنگین,اقتصادی نگین گردشگری ایرانیان,IREXHOTELSRESTAURANTS,37
IRO7PEIZ0001,فنفت,صنایع تجهیزات نفت,IREXSTEELIRON,37
IRO7GRDZ0001,وگردش,بانک گردشگری,IREXBANKSCREDITINSTITUTIONS,37
IRO7LIAZ0001,شلیا,شرکت مواد ویژه لیا,IREXOTHERNONMETALLICPRODUCTS,37
IRO7SSUP0001,قشرین,قند شیرین خراسان,IREXSUGAR,37
IRO7IADP0001,وهنر,گروه توسعه هنر ایران,IREXINVESTMENTS,37
IRO7GKHP0001,غبهار,کشت وصنعت بهاران گلبهار خراسان,IREXOTHERFOODPRODUCTS,37
IRO7SJAP0001,ثاژن,سخت آژند,IREXCONSTRUCTION,37
IRO7IEIP0001,خبازرس,بازرسی مهندسی و صنعتی ایران,IREXENGINEERING,37
IRO7APTP0001,شپترو,پتروشیمی آبادان,IREXCHEMICALSDIVERSIFIED,37
IRO7PSDP0001,گتوشا,توسعه بین المللی پدیده شاندیز,null,37
IRO7RKBP0001,ورفاه,بانک رفاه کارگران,null,37